entity_id,parent_id,path,value
1,0,1,Root Catalog
4,1,1/4,Default Category
5,4,1/4/5,Clothing
6,4,1/4/6,Promotional Products
7,4,1/4/7,Corporate Gifts
8,4,1/4/8,Workwear 
9,4,1/4/9,Uniforms
10,4,1/4/10,Year 12 Jerseys 
11,5,1/4/5/11,Aprons
12,5,1/4/5/12,Belts
13,5,1/4/5/13,Dresses
14,5,1/4/5/14,Hats
15,5,1/4/5/15,Hoodies
16,5,1/4/5/16,Jackets
17,5,1/4/5/17,Jumpers
18,5,1/4/5/18,Lab Coats
19,5,1/4/5/19,Pants
21,5,1/4/5/21,Rashies
22,5,1/4/5/22,Rugby Jumpers
23,5,1/4/5/23,Scarves
24,5,1/4/5/24,Scrubs
25,5,1/4/5/25,Shirts
26,5,1/4/5/26,Shorts
27,5,1/4/5/27,Singlets
28,5,1/4/5/28,Skirts
29,5,1/4/5/29,T Shirts
30,5,1/4/5/30,Tunics
31,5,1/4/5/31,Vests
32,6,1/4/6/32,Bags
33,115,1/4/6/115/33,Banners & Signs
34,107,1/4/6/107/34,Business Card Holders
35,107,1/4/6/107/35,Compendiums
37,6,1/4/6/37,Drink Bottles
38,788,1/4/6/788/38,Eskies
39,6,1/4/6/39,Glasses
40,6,1/4/6/40,Keyrings
41,6,1/4/6/41,Lanyards
42,6,1/4/6/42,Mugs
44,6,1/4/6/44,Pencils
45,6,1/4/6/45,Pens
46,107,1/4/6/107/46,Rulers
47,107,1/4/6/107/47,Sticky Notes & Flags
48,6,1/4/6/48,Stress Balls
49,6,1/4/6/49,Stubby Holders
50,6,1/4/6/50,Thermos
51,6,1/4/6/51,Towels
52,42,1/4/6/42/52,Travel Mugs
65,9,1/4/9/65,School Uniforms
66,9,1/4/9/66,Corporate Uniforms
67,9,1/4/9/67,Work Uniforms
68,9,1/4/9/68,Sports Uniforms 
69,10,1/4/10/69,Year 12 Hoodies
70,10,1/4/10/70,Year 12 Jackets
71,10,1/4/10/71,Year 12 Varsity Jackets
72,10,1/4/10/72,Year 12 Rugby Jumpers
73,10,1/4/10/73,Year 12 Polo Shirts
75,5,1/4/5/75,Swimming Caps
76,831,1/4/6/115/831/76,Button Badges
77,9,1/4/9/77,Hospitality Uniforms
78,9,1/4/9/78,Beauty Uniforms
79,9,1/4/9/79,Dental Uniforms
80,9,1/4/9/80,Nursing Uniforms
81,9,1/4/9/81,Hair Dressing Uniforms
82,6,1/4/6/82,Umbrellas
83,6,1/4/6/83,Mouse Pads
84,107,1/4/6/107/84,Calculators
85,6,1/4/6/85,Magnets
86,6,1/4/6/86,Bottle Openers
87,94,1/4/6/94/87,Pet Accessories
88,6,1/4/6/88,Dog Leads
89,6,1/4/6/89,USB Flash Drives
90,94,1/4/6/94/90,Golfing
91,118,1/4/6/118/91,Lighters
94,6,1/4/6/94,Sports and Fitness
95,6,1/4/6/95,Travel Products
97,6,1/4/6/97,Phone Accessories
98,787,1/4/6/787/98,Sunglasses & Accessories
99,787,1/4/6/787/99,Personal Beauty
102,6,1/4/6/102,Toys
103,6,1/4/6/103,Lollies
104,6,1/4/6/104,PPE
106,6,1/4/6/106,Tools & Torches
107,6,1/4/6/107,Desk Accessories
108,6,1/4/6/108,Wristbands
109,97,1/4/6/97/109,Power Banks
113,115,1/4/6/115/113,Stickers
114,5,1/4/5/114,Ties
115,6,1/4/6/115,Printing & Signage
118,6,1/4/6/118,"Bar, Wine & Alcohol"
120,107,1/4/6/107/120,Calendars
121,6,1/4/6/121,Mats
122,95,1/4/6/95/122,Travel Wallets
123,6,1/4/6/123,Balloons
124,102,1/4/6/102/124,Beach Balls
125,107,1/4/6/107/125,Letter Openers
126,788,1/4/6/788/126,Picnic Blankets
127,94,1/4/6/94/127,Protein Shakers 
128,106,1/4/6/106/128,Tape Measures
129,107,1/4/6/107/129,Textas & Markers
130,82,1/4/6/82/130,Golf Umbrellas
131,108,1/4/6/108/131,Silicone Wristbands
132,102,1/4/6/102/132,Yo Yos
134,14,1/4/5/14/134,Caps
135,14,1/4/5/14/135,Beanies
136,14,1/4/5/14/136,Brim And Bucket Hats
138,14,1/4/5/14/138,Visors
139,14,1/4/5/14/139,Hi Visibility Caps
140,14,1/4/5/14/140,Hi Visibilty Hats
141,14,1/4/5/14/141,Hi Visibility Beanies
142,14,1/4/5/14/142,Chef Hats
147,16,1/4/5/16/147,Rain Jackets
148,16,1/4/5/16/148,Varsity Jackets
149,16,1/4/5/16/149,Track Jackets
150,16,1/4/5/16/150,Polar Fleece Jackets
152,16,1/4/5/16/152,Corporate Jackets
153,16,1/4/5/16/153,Casual Jackets
154,16,1/4/5/16/154,Suit Jackets
155,16,1/4/5/16/155,Cardigans
157,16,1/4/5/16/157,Chef Jackets
158,17,1/4/5/17/158,Polar Fleece Jumpers
159,17,1/4/5/17/159,Sweaters
160,17,1/4/5/17/160,Knitted Jumpers
162,19,1/4/5/19/162,Track Pants
163,19,1/4/5/19/163,Workwear Pants
164,19,1/4/5/19/164,Slacks
165,19,1/4/5/19/165,Cargo Pants
166,19,1/4/5/19/166,Chef Pants
167,5,1/4/5/167,Polo Shirts
170,22,1/4/5/22/170,Rugby Tops
171,22,1/4/5/22/171,Full Colour Sublimation Rugby Jumpers
172,23,1/4/5/23/172,Casual Scarves
173,23,1/4/5/23/173,Chef Scarves
176,25,1/4/5/25/176,Dress Shirts
177,5,1/4/5/177,Blouses 
178,25,1/4/5/25/178,Workwear Shirts
179,25,1/4/5/25/179,Singlets
180,26,1/4/5/26/180,Sports Shorts
181,26,1/4/5/26/181,Workwear Shorts
182,26,1/4/5/26/182,Dress Shorts
183,26,1/4/5/26/183,Board Shorts
195,32,1/4/6/32/195,Tote Bags
196,32,1/4/6/32/196,Backpacks
197,32,1/4/6/32/197,Sports Bags
198,32,1/4/6/32/198,Travel Bags
199,32,1/4/6/32/199,Calico Bags
200,32,1/4/6/32/200,Cooler Bags
201,32,1/4/6/32/201,Laptop Bags
202,32,1/4/6/32/202,Satchel Bags
203,115,1/4/6/115/203,Pull Up Banners
204,33,1/4/6/115/33/204,Vinyl Banners
205,33,1/4/6/115/33/205,Tear Drop Banners
206,33,1/4/6/115/33/206,Mesh Banners
207,33,1/4/6/115/33/207,X Banners
208,33,1/4/6/115/33/208,Beach Wing Banners
209,35,1/4/6/107/35/209,Leather Compendiums
210,35,1/4/6/107/35/210,Synthetic Compendiums
215,39,1/4/6/39/215,Wine Glasses
216,39,1/4/6/39/216,Beer Glasses
217,39,1/4/6/39/217,Tumblers
218,39,1/4/6/39/218,Shot Glasses
219,39,1/4/6/39/219,Plastic Glasses
220,39,1/4/6/39/220,Full Colour Photo Shot Glasses
221,39,1/4/6/39/221,Cocktail Glasses
222,39,1/4/6/39/222,Brandy Balloons
223,40,1/4/6/40/223,Metal Keyrings
224,40,1/4/6/40/224,Plastic Keyrings
225,40,1/4/6/40/225,Bottle Opener Keyrings
226,40,1/4/6/40/226,Leather Keyrings
227,40,1/4/6/40/227,Carabiner Keyrings
228,40,1/4/6/40/228,Torch Keyrings
229,42,1/4/6/42/229,Coffee Cups & Mugs
232,42,1/4/6/42/232,Beer Mugs
238,6,1/4/6/238,Notepads
240,44,1/4/6/44/240,Grey Lead Pencils
241,44,1/4/6/44/241,Eco Friendly Pencils
242,44,1/4/6/44/242,Coloured Pencil Packs
249,107,1/4/6/107/249,Pen Gift Boxes
250,107,1/4/6/107/250,Pen Gift Pouches
251,47,1/4/6/107/47/251,Sticky Notes
252,47,1/4/6/107/47/252,Sticky Flags
253,48,1/4/6/48/253,Keyring Stress Balls
254,48,1/4/6/48/254,Mobile Phone Holder Stress Balls
255,48,1/4/6/48/255,Note Holder Stress Balls
256,48,1/4/6/48/256,Paper Holder Stress Balls
257,48,1/4/6/48/257,Round Stress Balls
258,48,1/4/6/48/258,Shapes Stress Balls
259,48,1/4/6/48/259,Animal Stress Balls
260,48,1/4/6/48/260,Sports Stress Balls
261,48,1/4/6/48/261,Enviro Shaped Stress Balls
262,48,1/4/6/48/262,Food Stress Balls
263,48,1/4/6/48/263,Office Stress Balls
264,48,1/4/6/48/264,Health Stress Balls
265,48,1/4/6/48/265,Trades Stress Balls
266,48,1/4/6/48/266,Transport Stress Balls
267,48,1/4/6/48/267,Travel Stress Balls
268,48,1/4/6/48/268,People Stress Balls
269,48,1/4/6/48/269,Body Parts Stress Balls
270,48,1/4/6/48/270,IT Stress Balls
271,48,1/4/6/48/271,Household Stress Balls
272,48,1/4/6/48/272,Music Stress Balls
273,48,1/4/6/48/273,Miscellaneous Stress Balls
274,49,1/4/6/49/274,Printed Stubby Holders
275,49,1/4/6/49/275,Photo Stubby Holders
276,51,1/4/6/51/276,Beach Towels
277,51,1/4/6/51/277,Hand Towels
278,51,1/4/6/51/278,Gym Towels
279,51,1/4/6/51/279,Golf Towels
283,870,1/4/8/870/283,Hi-Vis Work Shirts
284,870,1/4/8/870/284,Hi-Vis Polo Shirts
285,870,1/4/8/870/285,Hi-Vis Jackets
286,870,1/4/8/870/286,Hi-Vis Vests
287,870,1/4/8/870/287,Hi-Vis T Shirts
289,870,1/4/8/870/289,Hi-Vis Jumpers
291,870,1/4/8/870/291,Hi-Vis Singlets
292,8,1/4/8/292,Work Hoodies
296,870,1/4/8/870/296,Hi-Vis Polar Fleece
298,8,1/4/8/298,Work Pants
299,8,1/4/8/299,Work Shorts
300,8,1/4/8/300,Work Overalls
301,65,1/4/9/65/301,Yr 12 Jerseys
302,65,1/4/9/65/302,School Hats
303,65,1/4/9/65/303,School Jumpers
304,65,1/4/9/65/304,School Polo Shirts
305,65,1/4/9/65/305,School Track Pants
306,65,1/4/9/65/306,School Shirts
307,66,1/4/9/66/307,Corporate Shirts 
308,66,1/4/9/66/308,Corporate Polos 
309,66,1/4/9/66/309,Corporate Blouses
310,66,1/4/9/66/310,Corporate Wear Jackets
311,66,1/4/9/66/311,Casual Wear Jackets
312,66,1/4/9/66/312,Suited Jackets
313,66,1/4/9/66/313,Knitted Corporate Jumpers
314,66,1/4/9/66/314,Corporate Wear Vests
315,66,1/4/9/66/315,Knitted Corporate Vests
316,66,1/4/9/66/316,Corporate Cardigans
317,66,1/4/9/66/317,Corporate Slacks
318,66,1/4/9/66/318,Corporate Shorts
319,66,1/4/9/66/319,Corporate Wear Dresses
320,66,1/4/9/66/320,Corporate Wear Skirts
321,66,1/4/9/66/321,Corporate Belts
322,68,1/4/9/68/322,Basketball Uniforms
323,68,1/4/9/68/323,Netball Uniforms
324,68,1/4/9/68/324,Soccer Uniforms
325,68,1/4/9/68/325,Cricket Uniforms 
326,68,1/4/9/68/326,Football (AFL) Uniforms
327,68,1/4/9/68/327,Cycling Uniforms
328,68,1/4/9/68/328,Hockey Uniforms
329,68,1/4/9/68/329,Rugby  Uniforms
330,68,1/4/9/68/330,"Athletics, Running & Event Uniforms"
331,77,1/4/9/77/331,Chef's Uniforms
332,77,1/4/9/77/332,Waiter / Waitress Uniforms
333,78,1/4/9/78/333,Beauty Tunics
334,78,1/4/9/78/334,Beauty Blouses
335,78,1/4/9/78/335,Beauty Scrubs
336,78,1/4/9/78/336,Spa Pants
337,79,1/4/9/79/337,Dental Tunics
338,79,1/4/9/79/338,Dental Blouses
339,79,1/4/9/79/339,Dental Scrubs
340,79,1/4/9/79/340,Dental Pants
341,79,1/4/9/79/341,Dental Slacks
342,80,1/4/9/80/342,Medical Scrubs
343,80,1/4/9/80/343,Medical Tunics
344,80,1/4/9/80/344,Medical Blouses
345,80,1/4/9/80/345,Medical Shirts
346,80,1/4/9/80/346,Medical Polo Shirts
347,80,1/4/9/80/347,Medical Slacks
348,80,1/4/9/80/348,Medical Skirts
349,80,1/4/9/80/349,Health Spa Pants
350,81,1/4/9/81/350,Hair Dressing Tunics
351,81,1/4/9/81/351,Hair Dressing Blouses
352,81,1/4/9/81/352,Hair Dressing Shirts
353,81,1/4/9/81/353,Hair Dressing Pants
354,44,1/4/6/44/354,Carpenters Pencils
355,107,1/4/6/107/355,Sticky Note & Flag Sets
358,82,1/4/6/82/358,Corporate Umbrellas
359,82,1/4/6/82/359,Kids Umbrellas
360,48,1/4/6/48/360,Finance Stress Balls
362,17,1/4/5/17/362,Hoodie Jumpers
363,118,1/4/6/118/363,Bar Mats
364,107,1/4/6/107/364,Counter Mats
365,67,1/4/9/67/365,Work Wear
366,67,1/4/9/67/366,Corporate-Wear
367,85,1/4/6/85/367,Fridge Magnets
368,85,1/4/6/85/368,Magnetic Business Cards
369,85,1/4/6/85/369,Magnetic Bookmarks
370,85,1/4/6/85/370,Magnetic Calendars
371,85,1/4/6/85/371,Magnetic Photo Frames
372,85,1/4/6/85/372,Magnetic Jigsaws
373,85,1/4/6/85/373,Magnetic To-Do Lists
374,85,1/4/6/85/374,Magnetic Whiteboards
375,85,1/4/6/85/375,Magnetic Note Holders
376,85,1/4/6/85/376,Magnet Add-Ons
377,118,1/4/6/118/377,Coasters
378,118,1/4/6/118/378,Bar Items
379,788,1/4/6/788/379,Bottled Water
380,102,1/4/6/102/380,Sketch & Colouring Books
381,787,1/4/6/787/381,Hand Sanitiser
382,787,1/4/6/787/382,Lip Balm
383,107,1/4/6/107/383,Microfibre Cloths
384,787,1/4/6/787/384,Sunscreen
388,32,1/4/6/32/388,Canvas Bags
389,32,1/4/6/32/389,Library Bags
390,32,1/4/6/32/390,Swim Bags
391,787,1/4/6/787/391,ID Card Holders
392,787,1/4/6/787/392,Badge Reels
393,95,1/4/6/95/393,Travel Pillows
394,95,1/4/6/95/394,Luggage Tags
395,118,1/4/6/118/395,Hip Flasks
396,32,1/4/6/32/396,Jute Bags
397,106,1/4/6/106/397,Flashlights
399,106,1/4/6/106/399,Carabiner Torches
402,94,1/4/6/94/402,Travel Fitness
404,94,1/4/6/94/404,Whistles
405,94,1/4/6/94/405,Running Wristbands
406,95,1/4/6/95/406,Toiletry Bags
407,95,1/4/6/95/407,Travel Accessories
408,107,1/4/6/107/408,USB Fans
409,97,1/4/6/97/409,Phone Chargers
410,97,1/4/6/97/410,iPad Pouches
411,97,1/4/6/97/411,Phone Pouches
415,97,1/4/6/97/415,Phone Wallets
416,97,1/4/6/97/416,Virtual Reality Glasses
418,97,1/4/6/97/418,Phone Holders
424,787,1/4/6/787/424,Antibacterial Wipes
426,787,1/4/6/787/426,First Aid Kits
428,787,1/4/6/787/428,Bandaid Dispensers
432,788,1/4/6/788/432,Food Containers
433,102,1/4/6/102/433,Bubbles
434,102,1/4/6/102/434,Plush Toys
435,102,1/4/6/102/435,Boomerangs
436,102,1/4/6/102/436,Frisbees
437,102,1/4/6/102/437,Torpedos
438,102,1/4/6/102/438,Balls
439,102,1/4/6/102/439,Games & Puzzles
440,102,1/4/6/102/440,Fans
441,102,1/4/6/102/441,Fiddle Cubes
442,102,1/4/6/102/442,Fidget Spinners
443,102,1/4/6/102/443,Money Boxes
444,103,1/4/6/103/444,Mints
445,97,1/4/6/97/445,Speakers
446,97,1/4/6/97/446,Headphones & Earphones
448,106,1/4/6/106/448,Levels
449,106,1/4/6/106/449,Multi Tools
450,106,1/4/6/106/450,Tyre Gauges
451,106,1/4/6/106/451,Screwdrivers
452,106,1/4/6/106/452,Box Cutters
455,108,1/4/6/108/455,Bracelets
456,108,1/4/6/108/456,Reflective Wristbands
457,108,1/4/6/108/457,Slap Bands
458,51,1/4/6/51/458,Cooling Towels
460,115,1/4/6/115/460,Folders
461,102,1/4/6/102/461,Pencil Cases
463,788,1/4/6/788/463,BBQ Sets
464,107,1/4/6/107/464,Candles
465,97,1/4/6/97/465,Phone Armbands
466,788,1/4/6/788/466,Water Pouches
467,107,1/4/6/107/467,Notepad Holders
468,16,1/4/5/16/468,Ponchos
469,33,1/4/6/115/33/469,Feather Banners
470,33,1/4/6/115/33/470,Rectangle Banners
473,16,1/4/5/16/473,Softshell Jackets
474,33,1/4/6/115/33/474,Corflute Signs
475,33,1/4/6/115/33/475,A Frame Signs
476,33,1/4/6/115/33/476,Cafe Barriers
477,33,1/4/6/115/33/477,Metal Signs
478,39,1/4/6/39/478,Glass Beer Mugs
481,25,1/4/5/25/481,Polo Shirts
482,25,1/4/5/25/482,T-Shirts
495,797,1/4/6/797/495,Wedding Stubby Holders
496,115,1/4/6/115/496,Letterheads
497,115,1/4/6/115/497,With Compliments
498,115,1/4/6/115/498,Note Pads
500,5,1/4/5/500,Cuff Links
501,16,1/4/5/16/501,Trench Coats
502,65,1/4/9/65/502,School Hoodies
503,65,1/4/9/65/503,School Jackets
504,65,1/4/9/65/504,School Shorts
505,65,1/4/9/65/505,School Singlets
506,65,1/4/9/65/506,School Tees
507,78,1/4/9/78/507,Beauty Aprons
508,115,1/4/6/115/508,Business Cards
509,95,1/4/6/95/509,Travel Mugs & Cups
512,95,1/4/6/95/512,Luggage Bags
513,95,1/4/6/95/513,Travel Speakers
514,107,1/4/6/107/514,Photo Frames
516,44,1/4/6/44/516,Pencil Case
517,5,1/4/5/517,Leggings and Tights
518,81,1/4/9/81/518,Hair Dressing Skirts
519,81,1/4/9/81/519,Hair Dressing Aprons
520,78,1/4/9/78/520,Infection-Control Range
521,79,1/4/9/79/521,Infection-Control Range
522,80,1/4/9/80/522,Infection-Control Range
523,120,1/4/6/107/120/523,Desk Calendars
524,120,1/4/6/107/120/524,Magnet Calendars
525,788,1/4/6/788/525,Kitchen Accessories
526,107,1/4/6/107/526,Diffusers
527,121,1/4/6/121/527,Floor Mats
528,121,1/4/6/121/528,Bar Mats / Runners
529,121,1/4/6/121/529,Counter Mats / Runners
531,97,1/4/6/97/531,Phone And Tablet Pouches
532,95,1/4/6/95/532,Toiletry Items
533,32,1/4/6/32/533,Dry Bags
534,118,1/4/6/118/534,Ice Buckets
535,118,1/4/6/118/535,Wine Carriers
536,32,1/4/6/32/536,School Bags
537,65,1/4/9/65/537,School & Pre-School Bags
538,788,1/4/6/788/538,Cheeseboards And Knives
539,67,1/4/9/67/539,Healthcare-Uniforms
540,67,1/4/9/67/540,"Restaurant, Bar & Cafe Uniforms"
541,67,1/4/9/67/541,Salon Uniforms
542,67,1/4/9/67/542,Dentist Uniforms
543,67,1/4/9/67/543,Hair Dresser Uniforms
544,103,1/4/6/103/544,Baby Bottles
545,103,1/4/6/103/545,Nut Bars
546,103,1/4/6/103/546,Business Card Confectionery
547,103,1/4/6/103/547,Rolls of Lollies
548,103,1/4/6/103/548,Buckets
549,103,1/4/6/103/549,Canisters
550,103,1/4/6/103/550,Mini Suitcases
551,103,1/4/6/103/551,Champagne Bottles
552,103,1/4/6/103/552,Chocolates
553,103,1/4/6/103/553,Christmas
554,103,1/4/6/103/554,Coffee Cups
555,103,1/4/6/103/555,Chocolate Coins
556,103,1/4/6/103/556,Dollars
557,103,1/4/6/103/557,Easter Eggs
558,103,1/4/6/103/558,Tubes
559,103,1/4/6/103/559,Hearts
560,103,1/4/6/103/560,Cubes
561,103,1/4/6/103/561,Jars
562,103,1/4/6/103/562,Light Bulbs
563,103,1/4/6/103/563,Lollipops
564,103,1/4/6/103/564,Individually Wrapped
565,103,1/4/6/103/565,Lolly Bags
566,103,1/4/6/103/566,Noodle Boxes
567,103,1/4/6/103/567,Paint Tins
568,103,1/4/6/103/568,Pill Jars
569,103,1/4/6/103/569,Poker Confectionery
570,103,1/4/6/103/570,Cans
571,103,1/4/6/103/571,Boxes
572,103,1/4/6/103/572,Soft Drink Bottles
573,103,1/4/6/103/573,Test Tubes
574,103,1/4/6/103/574,Candy Canes
575,103,1/4/6/103/575,Stars
576,103,1/4/6/103/576,Tins
577,103,1/4/6/103/577,Wedding Confectionery
578,103,1/4/6/103/578,Valentines Confectionery
579,103,1/4/6/103/579,Trees
580,788,1/4/6/788/580,Picnic Sets
581,129,1/4/6/107/129/581,Whiteboard Markers
582,107,1/4/6/107/582,Highlighters
583,129,1/4/6/107/129/583,Permanent Markers
586,322,1/4/9/68/322/586,Basketball Jerseys
587,322,1/4/9/68/322/587,Basketball Shorts
590,323,1/4/9/68/323/590,Netball Dresses
592,323,1/4/9/68/323/592,Netball Skirts
594,323,1/4/9/68/323/594,Netball Bibs
596,324,1/4/9/68/324/596,Soccer Jerseys
597,324,1/4/9/68/324/597,Soccer Shorts
600,325,1/4/9/68/325/600,Cricket Shirts
601,325,1/4/9/68/325/601,Cricket Pants
604,326,1/4/9/68/326/604,Football (AFL) Jerseys
605,326,1/4/9/68/326/605,Football (AFL) Shorts
608,327,1/4/9/68/327/608,Cycling Jerseys
609,328,1/4/9/68/328/609,Hockey Jerseys
610,328,1/4/9/68/328/610,Hockey Shorts
611,328,1/4/9/68/328/611,Hockey Skirts
614,329,1/4/9/68/329/614,Rugby Jerseys
615,329,1/4/9/68/329/615,Rugby Shorts
618,330,1/4/9/68/330/618,"Athletics, Running & Event Singlets"
620,330,1/4/9/68/330/620,Running Shorts
623,331,1/4/9/77/331/623,Chefs Hats
624,331,1/4/9/77/331/624,Chefs Jackets
625,331,1/4/9/77/331/625,Chefs Pants
626,331,1/4/9/77/331/626,Chefs Scarves
627,332,1/4/9/77/332/627,Hospitality Shirts
628,332,1/4/9/77/332/628,Hospitality Polo Shirts
629,332,1/4/9/77/332/629,Hospitality Pants
639,325,1/4/9/68/325/639,Cricket Jumpers
640,325,1/4/9/68/325/640,Cricket Vests
641,331,1/4/9/77/331/641,Chefs Aprons
642,332,1/4/9/77/332/642,Hospitality Aprons
646,495,1/4/6/797/495/646,Bride And Groom Photo Theme
647,495,1/4/6/797/495/647,Love And Romance Theme
648,495,1/4/6/797/495/648,Animated Theme
649,495,1/4/6/797/495/649,Country Theme
650,495,1/4/6/797/495/650,Beach Theme
651,495,1/4/6/797/495/651,Traditional Theme
652,495,1/4/6/797/495/652,Black And White Theme
653,495,1/4/6/797/495/653,Garden Theme
654,495,1/4/6/797/495/654,Fairy Tale Theme
655,495,1/4/6/797/495/655,Floral Theme
656,495,1/4/6/797/495/656,Vineyard Theme
657,495,1/4/6/797/495/657,Funny Theme
658,495,1/4/6/797/495/658,Destination Theme
659,495,1/4/6/797/495/659,Barn Theme
660,495,1/4/6/797/495/660,Vintage Theme
661,495,1/4/6/797/495/661,Neutral Colours Theme
662,495,1/4/6/797/495/662,Boho Theme
663,495,1/4/6/797/495/663,Forest Theme
664,495,1/4/6/797/495/664,Travel Theme
665,495,1/4/6/797/495/665,Rustic Theme
666,495,1/4/6/797/495/666,Glamourous Theme
667,495,1/4/6/797/495/667,Glitter Theme
668,495,1/4/6/797/495/668,Winter And Snow Theme
669,495,1/4/6/797/495/669,Watercolour Theme
672,332,1/4/9/77/332/672,Hospitality Skirts
687,120,1/4/6/107/120/687,Wall Calendars
688,82,1/4/6/82/688,Market Umbrellas
689,82,1/4/6/82/689,Beach Umbrellas
694,68,1/4/9/68/694,Off-Field Team Wear
695,68,1/4/9/68/695,Training & Warm-Up Gear
696,326,1/4/9/68/326/696,Football (AFL) Off-Field Team Wear
697,326,1/4/9/68/326/697,Football (AFL) Training & Warm-Up Gear
698,329,1/4/9/68/329/698,Rugby Off-Field Team Wear
699,329,1/4/9/68/329/699,Rugby Training & Warm-Up Gear
700,322,1/4/9/68/322/700,Basketball Off-Court Team Wear
701,322,1/4/9/68/322/701,Basketball Training & Warm-Up Gear
702,323,1/4/9/68/323/702,Netball Tops
703,323,1/4/9/68/323/703,Netball Off-Court Team Wear
704,323,1/4/9/68/323/704,Netball Training & Warm-Up Gear
705,324,1/4/9/68/324/705,Soccer Off-Field Team Wear
706,324,1/4/9/68/324/706,Soccer Training & Warm-Up Gear
707,325,1/4/9/68/325/707,Cricket Off-Field Team Wear
708,325,1/4/9/68/325/708,Cricket Training & Warm-Up Gear
709,68,1/4/9/68/709,Tennis Uniforms
710,709,1/4/9/68/709/710,Tennis Shirts
711,709,1/4/9/68/709/711,Tennis Shorts
712,709,1/4/9/68/709/712,Tennis Off-Court Team Wear
713,68,1/4/9/68/713,Golf Uniforms
714,713,1/4/9/68/713/714,Golf Polo Shirts
715,713,1/4/9/68/713/715,Golf Caps
716,713,1/4/9/68/713/716,Golf Outerwear
717,330,1/4/9/68/330/717,"Athletics, Running & Event Casual Team Wear"
718,68,1/4/9/68/718,"Gym, CrossFit & Personal Training Uniforms"
719,718,1/4/9/68/718/719,"Gym, CrossFit & Personal Training Singlets"
720,718,1/4/9/68/718/720,"Gym, CrossFit & Personal Training T Shirts"
721,718,1/4/9/68/718/721,Gym Shorts
722,718,1/4/9/68/718/722,"Gym, CrossFit & Personal Training Casual Wear"
723,68,1/4/9/68/723,Cheerleading Uniforms
724,723,1/4/9/68/723/724,Cheerleading Crop Tops
725,723,1/4/9/68/723/725,Cheerleading Shorts
726,723,1/4/9/68/723/726,Cheerleading Team Wear
727,68,1/4/9/68/727,Dance Uniforms
728,727,1/4/9/68/727/728,Dance Crop Tops
729,727,1/4/9/68/727/729,Dance Shorts
730,727,1/4/9/68/727/730,Dance Team Wear
734,68,1/4/9/68/734,Baseball & Softball Uniforms
735,734,1/4/9/68/734/735,Baseball & Softball Jerseys
736,734,1/4/9/68/734/736,Baseball & Softball Off-Field Team Wear
737,734,1/4/9/68/734/737,Baseball & Softball Training & Warm-Up Gear
738,328,1/4/9/68/328/738,Hockey Dresses
739,328,1/4/9/68/328/739,Hockey Off-Field Team Wear
740,328,1/4/9/68/328/740,Hockey Training & Warm-Up Gear
741,68,1/4/9/68/741,Volleyball Uniforms
742,741,1/4/9/68/741/742,Volleyball Shorts
743,741,1/4/9/68/741/743,Volleyball Jerseys
744,741,1/4/9/68/741/744,Volleyball Off-Court Team Wear
745,741,1/4/9/68/741/745,Volleyball Training & Warm-Up Gear
746,68,1/4/9/68/746,Polocrosse & Horse Riding Uniforms
747,746,1/4/9/68/746/747,Horse Riding Shirts
748,746,1/4/9/68/746/748,Polocrosse & Horse Riding Team Wear
749,68,1/4/9/68/749,Darts Uniforms
750,749,1/4/9/68/749/750,Darts Shirts
751,749,1/4/9/68/749/751,Darts Team Wear
752,68,1/4/9/68/752,Fishing Uniforms
753,752,1/4/9/68/752/753,Fishing Shirts
754,752,1/4/9/68/752/754,Fishing Hoodies
755,752,1/4/9/68/752/755,Fishing Jackets
756,68,1/4/9/68/756,Motocross Uniforms
757,756,1/4/9/68/756/757,Motocross Jerseys
758,756,1/4/9/68/756/758,Motocross Off-Track Team Wear
759,68,1/4/9/68/759,Lawn Bowls Uniforms
760,759,1/4/9/68/759/760,Lawn Bowls Pants
761,759,1/4/9/68/759/761,Lawn Bowls Shirts
762,759,1/4/9/68/759/762,Lawn Bowls Jackets
763,759,1/4/9/68/759/763,Lawn Bowls Vests
764,759,1/4/9/68/759/764,Lawn Bowls Team Wear
765,68,1/4/9/68/765,Touch Football Uniforms
766,765,1/4/9/68/765/766,Touch Football Jerseys
767,765,1/4/9/68/765/767,Touch Football Shorts
768,765,1/4/9/68/765/768,Touch Football Off-Field Team Wear
769,327,1/4/9/68/327/769,Cycling Team Wear
770,68,1/4/9/68/770,Hunting & Shooting Uniforms
771,770,1/4/9/68/770/771,Hunting Shirts
772,770,1/4/9/68/770/772,Hunting Jumpers
773,770,1/4/9/68/770/773,Hunting Hoodies
774,694,1/4/9/68/694/774,Team Polo Shirts
775,694,1/4/9/68/694/775,Team T-Shirts
776,694,1/4/9/68/694/776,Team Hoodies
777,694,1/4/9/68/694/777,Team Hats
778,694,1/4/9/68/694/778,Team Beanie
779,694,1/4/9/68/694/779,Team Jacket
780,694,1/4/9/68/694/780,Team Scarves
781,694,1/4/9/68/694/781,Team Jumpers
782,695,1/4/9/68/695/782,Training Jerseys
783,695,1/4/9/68/695/783,Training Tights
784,695,1/4/9/68/695/784,Training Shorts
785,695,1/4/9/68/695/785,Warm-Up Tops
786,695,1/4/9/68/695/786,Warm-Up Pants
787,6,1/4/6/787,"Safety, First Aid & Hygiene"
788,6,1/4/6/788,Food & Water
789,7,1/4/7/789,$0 - $1
790,7,1/4/7/790,$1 - $2
791,7,1/4/7/791,$2 - $5
792,7,1/4/7/792,$5 - $10
793,7,1/4/7/793,$10 - $20
794,7,1/4/7/794,$20 - $40
795,7,1/4/7/795,$40 - $60
796,7,1/4/7/796,$60+
797,6,1/4/6/797,Wedding Favours
799,797,1/4/6/797/799,Keyring Wedding Favours
800,797,1/4/6/797/800,Bottle Opener Wedding Favours
801,797,1/4/6/797/801,Chocolate Wedding Favours
802,797,1/4/6/797/802,Candles Wedding Favours
803,797,1/4/6/797/803,Glassware Wedding Favours
804,107,1/4/6/107/804,Office Accessories
805,97,1/4/6/97/805,Mobile Phone Accessories
807,106,1/4/6/106/807,Keyrings Torches
809,106,1/4/6/106/809,Penlights
810,118,1/4/6/118/810,Bottle Openers
811,33,1/4/6/115/33/811,Posters
812,97,1/4/6/97/812,Phone Covers
813,6,1/4/6/813,Golf
814,813,1/4/6/813/814,Golf Balls
815,813,1/4/6/813/815,Tees
816,813,1/4/6/813/816,Ball Markers
817,813,1/4/6/813/817,Golf Accessories
818,813,1/4/6/813/818,Golf Towel
819,813,1/4/6/813/819,Golfing Umbrellas
820,813,1/4/6/813/820,Nike Golf Polo Shirts
821,813,1/4/6/813/821,Nike Golf Hoodies
822,813,1/4/6/813/822,Nike Golf Jackets
823,813,1/4/6/813/823,Nike Golf Hats
824,813,1/4/6/813/824,Nike Golf Jumpers
825,813,1/4/6/813/825,Nike Golf Shirts
826,32,1/4/6/32/826,Paper Bags
827,95,1/4/6/95/827,Blankets
828,95,1/4/6/95/828,Camping Chairs
829,94,1/4/6/94/829,Sports Accessories
830,787,1/4/6/787/830,Face Masks
831,115,1/4/6/115/831,Badges
832,831,1/4/6/115/831/832,Lapel Pins
833,6,1/4/6/833,Oktoberfest Beer Steins
834,14,1/4/5/14/834,Bandanas
835,95,1/4/6/95/835,Playing Cards
836,6,1/4/6/836,Temporary Tattoos
837,108,1/4/6/108/837,Event Wristbands
838,5,1/4/5/838,Gloves
839,5,1/4/5/839,Thongs
840,106,1/4/6/106/840,Other Tools
841,6,1/4/6/841,Tech and IT Products
842,841,1/4/6/841/842,USB Hubs
843,841,1/4/6/841/843,Computer Mouse
844,4,1/4/844,Sale
845,6,1/4/6/845,Drinkware
846,845,1/4/6/845/846,Eco Straws
847,6,1/4/6/847,Seeds
848,847,1/4/6/847/848,Seedsticks
849,847,1/4/6/847/849,Grow Kits
850,847,1/4/6/847/850,Seed Packets
851,847,1/4/6/847/851,Sprout Pencils
852,847,1/4/6/847/852,Seed Paper
853,102,1/4/6/102/853,Slimes
854,32,1/4/6/32/854,Drawstring Bags
856,6,1/4/6/856,Reusable Coffee Cups
857,6,1/4/6/857,Bath Towels
858,4,1/4/858,Express Range
865,6,1/4/6/865,Notebooks
866,858,1/4/858/866,Dummy
867,4,1/4/867,Eco Friendly
868,867,1/4/867/868,dummy
869,8,1/4/8/869,Work Shirts
870,8,1/4/8/870,Hi-Vis Workwear
872,870,1/4/8/870/872,Hi-Vis Hoodies
873,870,1/4/8/870/873,Hi-Vis Pants
874,870,1/4/8/870/874,Hi-Vis Overalls
